detected_at_utc,event_id,title,competition,change_type,changed_fields
2026-07-15T18:09:40.849132+00:00,5a79a90b653fef1ec3ed956a,Toronto vs Montreal,Her Match Test League,new_event,
2026-07-15T18:09:40.849134+00:00,5cd80ac5fb2e8ed6af38d7bf,Vancouver vs Calgary,Her Match Test League,new_event,
2026-07-15T18:11:04.703553+00:00,5cd80ac5fb2e8ed6af38d7bf,Vancouver vs Calgary,Her Match Test League,updated_event,"start_time_utc,end_time_utc"
2026-07-15T18:32:51.953248+00:00,7dfe0487eabb81b40581c943,Ottawa Rapid FC vs. Vancouver Rise FC,Her Match Test League,new_event,
2026-07-15T18:32:51.953252+00:00,f1232c58336acab7b27bb27b,Ottawa Rapid FC vs. Montreal Roses FC,Her Match Test League,new_event,
2026-07-15T18:32:51.953254+00:00,4db954b04abd79b6ca1ab4f8,Montreal Roses FC vs. Vancouver Rise FC,Her Match Test League,new_event,
2026-07-15T18:32:51.953255+00:00,e09abd1cd7948aef1378f000,Vancouver Rise FC vs. Calgary Wild FC,Her Match Test League,new_event,
2026-07-15T18:32:51.953257+00:00,3697191537813aa9398c7e88,Montreal Roses FC vs. Halifax Tides FC,Her Match Test League,new_event,
2026-07-15T18:32:51.953259+00:00,5b2600c779e6a32e46bf89e2,Calgary Wild FC vs. Halifax Tides FC,Her Match Test League,new_event,
2026-07-15T18:32:51.953260+00:00,2bdec719aa497bf6d67a0317,Vancouver Rise FC vs. Montreal Roses FC,Her Match Test League,new_event,
2026-07-15T18:32:51.953262+00:00,7359448bad093b6ccc95ad78,Ottawa Rapid FC vs. Vancouver Rise FC,Her Match Test League,new_event,
2026-07-15T18:32:51.953263+00:00,d58a1fcdea443f2b42a995f8,AFC Toronto vs. Halifax Tides FC,Her Match Test League,new_event,
2026-07-15T18:32:51.953265+00:00,64c074ce5cf8e2f87b4c01a7,2026 NSL Championship,Her Match Test League,new_event,
2026-07-15T18:32:51.953266+00:00,cf922f73bdb79fd3cbcd0397,Calgary Wild FC vs. Montreal Roses FC,Her Match Test League,new_event,
2026-07-15T18:32:51.953268+00:00,65bda6e2f8e559ca853359e0,Montreal Roses FC vs. Ottawa Rapid FC,Her Match Test League,new_event,
2026-07-15T18:32:51.953269+00:00,86538b72fdd4740806d95f87,Ottawa Rapid FC vs. Calgary Wild FC,Her Match Test League,new_event,
2026-07-15T18:32:51.953271+00:00,9952e618eacbba0895308c66,AFC Toronto vs. Ottawa Rapid FC,Her Match Test League,new_event,
2026-07-15T18:32:51.953272+00:00,f6df3f043f4889b591b87d12,Calgary Wild FC vs. Vancouver Rise FC,Her Match Test League,new_event,
2026-07-15T18:32:51.953273+00:00,ca8e8d6d349cff4abd27b7eb,Montreal Roses FC vs. Halifax Tides FC,Her Match Test League,new_event,
2026-07-15T18:32:51.953275+00:00,22cdcd7476720cb8c918a3a7,Ottawa Rapid FC vs. Halifax Tides FC,Her Match Test League,new_event,
2026-07-15T18:32:51.953276+00:00,34a734eb79e514bb9abdbf94,AFC Toronto vs. Vancouver Rise FC,Her Match Test League,new_event,
2026-07-15T18:32:51.953278+00:00,774ba025a63c90dd7a8f291f,Calgary Wild FC vs. Ottawa Rapid FC,Her Match Test League,new_event,
2026-07-15T18:32:51.953279+00:00,c8a20f3dc83ec4d7ea3f9592,Montreal Roses FC vs. AFC Toronto,Her Match Test League,new_event,
2026-07-15T18:32:51.953281+00:00,abb609da59012076cb0ef984,Vancouver Rise FC vs. Halifax Tides FC,Her Match Test League,new_event,
2026-07-15T18:32:51.953282+00:00,913685870d609f473bd45f95,AFC Toronto vs. Calgary Wild FC,Her Match Test League,new_event,
2026-07-15T18:32:51.953284+00:00,cde3916bdede1dd9f68f3ce3,Vancouver Rise FC vs. Montreal Roses FC,Her Match Test League,new_event,
2026-07-15T18:32:51.953285+00:00,4542de79ae5a98dd7adc028a,Calgary Wild FC vs. AFC Toronto,Her Match Test League,new_event,
2026-07-15T18:32:51.953287+00:00,c073de353fc4519893f84cb3,Halifax Tides FC vs. Ottawa Rapid FC,Her Match Test League,new_event,
2026-07-15T18:32:51.953288+00:00,7d62e9afd045cd235cc0e3a8,Ottawa Rapid FC vs. AFC Toronto,Her Match Test League,new_event,
2026-07-15T18:32:51.953289+00:00,fedaa13b7ffe10d5269434f2,Calgary Wild FC vs. Ottawa Rapid FC,Her Match Test League,new_event,
2026-07-15T18:32:51.953291+00:00,1404a724d2ccb23b3edc5113,Vancouver Rise FC vs. Halifax Tides FC,Her Match Test League,new_event,
2026-07-15T18:32:51.953292+00:00,d23d9c0b72342f38a31f7444,AFC Toronto vs. Montreal Roses FC,Her Match Test League,new_event,
2026-07-15T18:32:51.953294+00:00,a7ebb6d967d0bf93f28f931d,Halifax Tides FC vs. AFC Toronto,Her Match Test League,new_event,
2026-07-15T18:32:51.953295+00:00,fa64a7ed0e2d015fcbe0439b,Montreal Roses FC vs. Calgary Wild FC,Her Match Test League,new_event,
2026-07-15T18:32:51.953297+00:00,8e279423c793bb1e52ddcffa,Montreal Roses FC vs. Halifax Tides FC,Her Match Test League,new_event,
2026-07-15T18:32:51.953298+00:00,edb13de83bda0a6ff7ba40ee,Vancouver Rise FC vs. Calgary Wild FC,Her Match Test League,new_event,
2026-07-15T18:32:51.953300+00:00,4b63f6e46cdb6a08bb56f45b,AFC Toronto vs. Ottawa Rapid FC,Her Match Test League,new_event,
2026-07-15T18:32:51.953301+00:00,d896bd8c6b84f1ecdbdb470a,Vancouver Rise FC vs. Halifax Tides FC,Her Match Test League,new_event,
2026-07-15T18:32:51.953302+00:00,4ffd08de80fb0b4709478349,AFC Toronto vs. Calgary Wild FC,Her Match Test League,new_event,
2026-07-15T18:32:51.953304+00:00,f98c03454f8567ac3a47595a,Montreal Roses FC vs. AFC Toronto,Her Match Test League,new_event,
2026-07-15T18:32:51.953305+00:00,fc24a074547d3648269196d1,Vancouver Rise FC vs. Ottawa Rapid FC,Her Match Test League,new_event,
2026-07-15T18:32:51.953307+00:00,7044a8d82de0240d598ea7b0,Halifax Tides FC vs. AFC Toronto,Her Match Test League,new_event,
2026-07-15T18:32:51.953308+00:00,471b228fde80cabce64a9cd3,Ottawa Rapid FC vs. Calgary Wild FC,Her Match Test League,new_event,
2026-07-15T18:32:51.953310+00:00,1feb7f2a65042f2859fe6536,AFC Toronto vs. Ottawa Rapid FC,Her Match Test League,new_event,
2026-07-15T18:32:51.953312+00:00,328a55b0afec8b3f9bf0c8a2,Halifax Tides FC vs. Montreal Roses FC,Her Match Test League,new_event,
2026-07-15T18:32:51.953313+00:00,c637bf257b721805697b676d,Montreal Roses FC vs. Ottawa Rapid FC,Her Match Test League,new_event,
2026-07-15T18:32:51.953314+00:00,f7156e8f1ca2ee021fbd8a4e,Halifax Tides FC vs. Calgary Wild FC,Her Match Test League,new_event,
2026-07-15T18:32:51.953316+00:00,db550f9ed366e27c4083915b,AFC Toronto vs. Vancouver Rise FC,Her Match Test League,new_event,
2026-07-15T18:32:51.953317+00:00,f3d75acdca972886c0d175d1,Halifax Tides FC vs. Montreal Roses FC,Her Match Test League,new_event,
2026-07-15T18:32:51.953319+00:00,a4504aec1d874ede9dc6c18c,AFC Toronto vs. Calgary Wild FC,Her Match Test League,new_event,
2026-07-15T18:32:51.953320+00:00,4cb44d5c5208162f69c3b093,Vancouver Rise FC vs. Calgary Wild FC,Her Match Test League,new_event,
2026-07-15T18:32:51.953322+00:00,d65a359770ca4f499f01f358,2026 Semi-Final A - Leg 1,Her Match Test League,new_event,
2026-07-15T18:32:51.953323+00:00,381e37b120585d69ba380808,2026 Semi-Final B - Leg 1,Her Match Test League,new_event,
2026-07-15T18:32:51.953324+00:00,63f97d0e5b16eaa13899cf74,2026 Semi-Final A - Leg 2,Her Match Test League,new_event,
2026-07-15T18:32:51.953326+00:00,6d19ffc2e814498806dcbfc5,2026 Semi-Final B - Leg 2,Her Match Test League,new_event,
2026-07-15T18:32:51.953327+00:00,e7eba0984c8fd7fdabd0c322,Calgary Wild FC vs. Vancouver Rise FC,Her Match Test League,new_event,
2026-07-15T18:32:51.953329+00:00,f911464fdbeb9d388711243b,Halifax Tides FC vs. AFC Toronto,Her Match Test League,new_event,
2026-07-15T18:32:51.953330+00:00,4560a9fb62daf3b0b1080d0a,Welcome to the Northern Super League!,Her Match Test League,new_event,
